,Game_ID,GAME_DATE,MATCHUP,PTS,AST,STL,REB,TOV,FGA,FGM,FG3M,FG3A,BLK,FTA,FTM,PLUS_MINUS
0,21401224,"APR 15, 2015",ORL @ BKN,7,0,0,7,0,11,3,1,2,0,0,0,-15
1,21401207,"APR 13, 2015",ORL @ MIA,5,2,2,6,1,14,2,0,2,2,2,1,-13
2,21401187,"APR 11, 2015",ORL vs. NYK,0,0,2,4,1,5,0,0,1,1,0,0,-4
3,21401175,"APR 10, 2015",ORL vs. TOR,13,3,0,6,1,8,5,0,2,0,3,3,0
4,21401161,"APR 08, 2015",ORL vs. CHI,7,1,1,4,0,3,2,0,1,0,4,3,0
5,21401143,"APR 04, 2015",ORL @ MIL,10,1,0,12,0,6,5,0,1,2,0,0,13
6,21401133,"APR 03, 2015",ORL @ MIN,7,2,2,6,1,10,3,1,3,0,0,0,5
7,21401113,"APR 01, 2015",ORL vs. SAS,0,1,0,2,1,1,0,0,1,0,0,0,-7
8,21401074,"MAR 27, 2015",ORL vs. DET,4,2,0,3,1,4,2,0,0,0,0,0,-8
9,21401062,"MAR 25, 2015",ORL vs. ATL,0,1,2,3,0,1,0,0,1,0,0,0,1
10,21401044,"MAR 22, 2015",ORL vs. DEN,8,0,0,3,0,8,3,0,2,1,2,2,-9
11,21401020,"MAR 20, 2015",ORL vs. POR,4,0,1,6,0,3,1,0,0,0,2,2,8
12,21401012,"MAR 18, 2015",ORL @ DAL,6,0,0,6,0,5,2,0,2,1,2,2,-1
13,21401002,"MAR 17, 2015",ORL @ HOU,0,0,0,0,0,0,0,0,0,1,0,0,-1
14,21400985,"MAR 15, 2015",ORL vs. CLE,2,1,1,1,2,3,1,0,2,0,0,0,-6
15,21400969,"MAR 13, 2015",ORL @ BOS,11,0,1,8,2,8,4,1,3,1,2,2,-2
16,21400956,"MAR 11, 2015",ORL @ MIL,7,1,0,4,1,5,2,1,2,1,2,2,-4
17,21400946,"MAR 10, 2015",ORL @ IND,2,0,0,2,0,4,1,0,0,0,0,0,-23
18,21400935,"MAR 08, 2015",ORL vs. BOS,2,0,0,2,0,3,1,0,2,1,0,0,-6
19,21400913,"MAR 06, 2015",ORL vs. SAC,2,0,0,1,2,2,1,0,1,0,0,0,-5
20,21400897,"MAR 04, 2015",ORL vs. PHX,0,1,1,4,0,1,0,0,0,0,0,0,-9
21,21400842,"FEB 25, 2015",ORL vs. MIA,6,1,1,1,1,3,3,0,0,0,2,0,12
22,21400825,"FEB 22, 2015",ORL vs. PHI,3,1,1,3,0,5,1,0,1,0,1,1,5
23,21400803,"FEB 20, 2015",ORL vs. NOP,2,0,0,2,1,2,1,0,0,1,0,0,-2
24,21400788,"FEB 11, 2015",ORL vs. NYK,2,0,0,1,1,2,1,0,0,0,0,0,-10
25,21400776,"FEB 09, 2015",ORL @ WAS,5,0,1,0,2,4,2,0,0,1,1,1,-12
26,21400770,"FEB 08, 2015",ORL vs. CHI,3,1,0,5,3,2,1,1,2,1,0,0,-1
27,21400748,"FEB 06, 2015",ORL vs. LAL,7,2,0,2,1,6,3,0,1,0,1,1,5
28,21400723,"FEB 02, 2015",ORL @ OKC,6,2,0,8,2,7,2,0,1,0,2,2,-16
29,21400706,"JAN 31, 2015",ORL vs. DAL,11,0,0,5,1,8,3,2,3,0,4,3,-5
30,21400692,"JAN 29, 2015",ORL vs. MIL,4,0,0,5,1,1,1,0,0,0,4,2,-8
31,21400670,"JAN 26, 2015",ORL @ MEM,7,1,0,2,0,7,3,0,1,0,2,1,-5
32,21400662,"JAN 25, 2015",ORL vs. IND,9,0,0,4,0,5,3,1,2,1,2,2,2
33,21400645,"JAN 23, 2015",ORL @ NYK,5,1,1,2,0,2,2,0,0,0,3,1,1
34,21400629,"JAN 21, 2015",ORL @ DET,4,0,1,3,0,2,2,0,0,1,0,0,9
35,21400609,"JAN 18, 2015",ORL vs. OKC,8,1,0,3,1,4,2,1,1,0,5,3,-11
36,21400132,"NOV 15, 2014",ORL @ WAS,6,0,0,3,1,4,3,0,0,0,2,0,-7
37,21400123,"NOV 14, 2014",ORL vs. MIL,8,3,1,3,0,3,3,0,0,1,2,2,20
38,21400113,"NOV 12, 2014",ORL @ NYK,7,0,0,1,1,1,1,1,1,0,4,4,-5
39,21400103,"NOV 11, 2014",ORL @ TOR,1,1,0,3,1,2,0,0,0,0,2,1,-13
40,21400090,"NOV 09, 2014",ORL @ BKN,2,0,1,2,1,3,1,0,0,1,1,0,0
41,21400072,"NOV 07, 2014",ORL vs. MIN,17,1,0,6,0,9,6,2,2,2,3,3,7
42,21400058,"NOV 05, 2014",ORL @ PHI,2,0,0,5,2,2,1,0,0,0,0,0,-6
43,21400053,"NOV 04, 2014",ORL @ CHI,6,0,0,1,0,6,3,0,2,1,0,0,-2
44,21400029,"NOV 01, 2014",ORL vs. TOR,0,1,0,2,1,1,0,0,0,0,0,0,-2
45,21400016,"OCT 30, 2014",ORL vs. WAS,4,1,0,4,1,4,2,0,1,0,1,0,-15
46,21400001,"OCT 28, 2014",ORL @ NOP,11,0,1,3,3,8,5,1,2,1,0,0,-18
47,21501219,"APR 13, 2016",ORL @ CHA,22,1,2,5,0,17,9,1,4,1,4,3,0
48,21501166,"APR 06, 2016",ORL vs. DET,6,4,0,6,1,10,3,0,2,1,2,0,1
49,21501148,"APR 03, 2016",ORL vs. MEM,14,3,1,10,0,11,5,1,3,1,4,3,5
50,21501133,"APR 01, 2016",ORL @ MIL,14,2,1,7,1,12,6,1,3,0,2,1,-12
51,21501123,"MAR 31, 2016",ORL @ IND,6,1,1,4,2,7,2,0,2,1,2,2,0
52,21501108,"MAR 29, 2016",ORL vs. BKN,20,0,1,4,0,11,9,1,3,0,1,1,19
53,21501083,"MAR 26, 2016",ORL vs. CHI,9,6,2,5,1,9,4,1,3,1,0,0,14
54,21501075,"MAR 25, 2016",ORL @ MIA,4,2,0,6,1,7,2,0,2,0,0,0,-8
55,21501058,"MAR 23, 2016",ORL @ DET,15,3,0,11,0,15,5,1,4,0,4,4,-19
56,21501046,"MAR 21, 2016",ORL @ BOS,13,0,1,8,0,14,6,1,2,0,0,0,-13
57,21501038,"MAR 20, 2016",ORL @ TOR,6,1,1,3,0,6,2,1,3,2,2,1,0
58,21501020,"MAR 18, 2016",ORL vs. CLE,7,3,0,10,1,8,2,1,2,0,4,2,5
59,21501004,"MAR 16, 2016",ORL @ CHA,0,0,0,2,0,3,0,0,0,0,0,0,-13
60,21500998,"MAR 15, 2016",ORL vs. DEN,16,0,1,3,1,10,7,2,4,2,0,0,14
61,21500982,"MAR 12, 2016",ORL @ POR,17,3,2,4,2,13,8,1,2,1,3,0,-18
62,21500970,"MAR 11, 2016",ORL @ SAC,20,1,1,11,2,12,8,0,0,0,10,4,4
63,21500949,"MAR 08, 2016",ORL @ LAL,5,3,1,4,0,4,2,0,2,1,2,1,-4
64,21500943,"MAR 07, 2016",ORL @ GSW,20,0,1,16,3,15,8,0,1,1,4,4,-15
65,21500913,"MAR 04, 2016",ORL vs. PHX,4,0,0,2,2,3,1,0,2,0,2,2,-6
66,21500897,"MAR 02, 2016",ORL vs. CHI,13,3,0,15,0,6,2,1,4,0,10,8,16
67,21500894,"MAR 01, 2016",ORL @ DAL,7,4,1,5,1,5,3,0,2,0,3,1,1
68,21500881,"FEB 28, 2016",ORL vs. PHI,22,3,1,7,1,10,7,2,2,2,6,6,15
69,21500863,"FEB 26, 2016",ORL @ NYK,17,2,1,8,0,12,6,1,3,0,6,4,-5
70,21500855,"FEB 25, 2016",ORL vs. GSW,19,2,0,8,1,14,9,1,4,1,0,0,-3
71,21500840,"FEB 23, 2016",ORL @ PHI,11,3,3,11,2,10,4,0,1,1,6,3,2
72,21500828,"FEB 21, 2016",ORL vs. IND,10,4,1,11,0,11,4,1,3,0,2,1,1
73,21500805,"FEB 19, 2016",ORL vs. DAL,7,1,6,11,2,8,3,1,2,0,0,0,3
74,21500790,"FEB 10, 2016",ORL vs. SAS,4,3,1,14,1,6,1,0,3,2,3,2,3
75,21500780,"FEB 08, 2016",ORL @ ATL,12,3,1,10,1,8,4,1,1,1,3,3,10
76,21500771,"FEB 07, 2016",ORL vs. ATL,11,4,2,13,0,11,3,0,3,4,6,5,10
77,21500752,"FEB 05, 2016",ORL vs. LAC,6,1,1,3,0,6,3,0,1,1,1,0,-11
78,21500740,"FEB 03, 2016",ORL @ OKC,2,1,0,6,0,10,1,0,2,0,0,0,-3
79,21500726,"FEB 01, 2016",ORL @ SAS,12,0,0,16,2,12,6,0,0,1,0,0,-5
80,21500716,"JAN 31, 2016",ORL vs. BOS,19,5,0,14,0,11,8,0,2,2,9,3,7
81,21500698,"JAN 29, 2016",ORL @ BOS,12,2,1,9,2,9,3,2,4,0,4,4,-16
82,21500681,"JAN 26, 2016",ORL @ MIL,9,3,1,9,0,9,3,1,2,0,4,2,0
83,21500670,"JAN 25, 2016",ORL @ MEM,10,0,0,9,2,8,3,0,4,1,4,4,-11
84,21500645,"JAN 22, 2016",ORL vs. CHA,10,4,0,7,2,4,4,1,1,0,3,1,1
85,21500629,"JAN 20, 2016",ORL vs. PHI,7,1,0,8,1,7,3,0,2,0,1,1,-3
86,21500620,"JAN 18, 2016",ORL @ ATL,18,3,0,7,0,9,5,1,2,1,8,7,-12
87,21500588,"JAN 14, 2016",ORL vs. TOR,0,0,0,1,0,0,0,0,0,0,2,0,-7
88,21500552,"JAN 09, 2016",ORL vs. WAS,10,1,2,10,1,7,4,1,3,0,2,1,4
89,21500541,"JAN 08, 2016",ORL @ BKN,14,1,0,5,1,8,6,2,3,0,0,0,3
90,21500526,"JAN 06, 2016",ORL vs. IND,8,1,0,8,2,6,3,0,2,1,2,2,3
91,21500514,"JAN 04, 2016",ORL @ DET,2,1,0,3,0,1,0,0,1,0,2,2,-17
92,21500499,"JAN 02, 2016",ORL @ CLE,11,2,0,7,1,10,5,1,2,0,0,0,-4
93,21500490,"JAN 01, 2016",ORL @ WAS,6,3,0,7,1,6,3,0,1,0,1,0,-6
94,21500475,"DEC 30, 2015",ORL vs. BKN,10,0,1,7,0,5,3,1,1,2,4,3,8
95,21500460,"DEC 28, 2015",ORL vs. NOP,7,0,0,4,0,5,3,0,1,0,1,1,-4
96,21500444,"DEC 26, 2015",ORL vs. MIA,2,1,0,4,0,2,1,0,0,1,0,0,-5
97,21500426,"DEC 23, 2015",ORL vs. HOU,14,0,2,3,0,11,6,1,2,0,2,1,0
98,21500412,"DEC 21, 2015",ORL @ NYK,0,1,2,2,0,1,0,0,0,0,0,0,2
99,21500407,"DEC 20, 2015",ORL vs. ATL,2,1,0,4,1,5,1,0,0,0,0,0,-3
100,21500387,"DEC 18, 2015",ORL vs. POR,2,0,0,5,0,1,0,0,0,0,2,2,-1
101,21500372,"DEC 16, 2015",ORL vs. CHA,6,3,2,7,0,3,2,0,0,0,2,2,3
102,21500358,"DEC 14, 2015",ORL @ BKN,4,0,0,5,3,3,1,0,0,0,3,2,8
103,21500334,"DEC 11, 2015",ORL vs. CLE,6,2,0,4,3,6,2,2,3,0,0,0,-13
104,21500326,"DEC 09, 2015",ORL @ PHX,5,1,1,2,0,2,2,1,1,0,0,0,2
105,21500298,"DEC 05, 2015",ORL @ LAC,10,1,1,7,1,8,5,0,1,0,0,0,7
106,21500279,"DEC 03, 2015",ORL @ UTA,2,0,2,2,0,2,1,0,1,0,0,0,0
107,21500265,"DEC 01, 2015",ORL @ MIN,7,0,0,2,0,7,3,1,3,2,0,0,-7
108,21500249,"NOV 29, 2015",ORL vs. BOS,12,2,0,5,0,7,5,2,3,1,0,0,12
109,21500228,"NOV 27, 2015",ORL vs. MIL,2,1,1,5,2,2,1,0,1,0,0,0,4
110,21500216,"NOV 25, 2015",ORL vs. NYK,2,2,0,5,0,4,0,0,0,2,4,2,4
111,21500203,"NOV 23, 2015",ORL @ CLE,11,1,0,6,2,10,5,1,2,3,0,0,12
112,21500189,"NOV 21, 2015",ORL vs. SAC,6,2,1,7,1,7,3,0,2,1,0,0,-6
113,21500166,"NOV 18, 2015",ORL vs. MIN,5,2,0,2,1,3,2,0,0,2,2,1,-2
114,21500139,"NOV 14, 2015",ORL @ WAS,12,2,3,7,0,10,4,0,2,0,6,4,-10
115,21500128,"NOV 13, 2015",ORL vs. UTA,10,3,1,5,0,9,3,0,1,4,5,4,-11
116,21500114,"NOV 11, 2015",ORL vs. LAL,4,1,0,5,1,3,1,1,2,0,2,1,1
117,21500099,"NOV 09, 2015",ORL @ IND,4,2,0,2,3,5,1,0,2,1,3,2,-2
118,21500087,"NOV 07, 2015",ORL @ PHI,10,2,1,6,0,7,4,1,3,0,2,1,3
119,21500075,"NOV 06, 2015",ORL vs. TOR,5,1,0,4,1,8,2,1,3,1,0,0,4
120,21500064,"NOV 04, 2015",ORL @ HOU,19,1,0,8,1,11,7,0,0,1,7,5,-4
121,21500056,"NOV 03, 2015",ORL @ NOP,2,0,0,2,1,2,1,0,0,0,0,0,3
122,21500043,"NOV 01, 2015",ORL @ CHI,4,1,2,7,3,7,2,0,1,2,0,0,-4
123,21500022,"OCT 30, 2015",ORL vs. OKC,15,0,1,3,1,4,4,1,1,1,8,6,-6
124,21500004,"OCT 28, 2015",ORL vs. WAS,12,1,0,7,0,8,4,0,2,1,6,4,2
125,21601217,"APR 12, 2017",ORL vs. DET,32,0,1,12,0,20,11,3,7,2,7,7,17
126,21601206,"APR 10, 2017",ORL @ CHI,10,2,0,6,2,6,4,0,0,0,2,2,-29
127,21601190,"APR 08, 2017",ORL vs. IND,17,3,2,4,1,13,7,1,3,1,2,2,-10
128,21601174,"APR 06, 2017",ORL vs. BKN,21,2,3,6,1,15,9,0,3,0,4,3,17
129,21601156,"APR 04, 2017",ORL @ CLE,12,0,0,5,4,14,5,2,4,0,0,0,-25
130,21601139,"APR 01, 2017",ORL @ BKN,22,5,2,15,1,18,9,4,7,0,0,0,9
131,21601129,"MAR 31, 2017",ORL @ BOS,32,1,1,16,0,24,11,3,5,2,8,7,0
132,21601112,"MAR 29, 2017",ORL vs. OKC,13,1,4,6,0,11,5,1,5,1,2,2,-13
133,21601097,"MAR 27, 2017",ORL @ TOR,16,0,2,1,0,13,7,0,2,0,4,2,-7
134,21601074,"MAR 24, 2017",ORL vs. DET,16,2,0,4,0,11,8,0,2,1,0,0,28
135,21601059,"MAR 22, 2017",ORL vs. CHA,7,2,0,3,2,8,3,1,4,0,0,0,5
136,21601045,"MAR 20, 2017",ORL vs. PHI,17,4,0,3,2,7,4,0,0,1,11,9,3
137,21601026,"MAR 17, 2017",ORL @ PHX,17,0,1,4,2,12,7,1,3,4,2,2,7
138,21601019,"MAR 16, 2017",ORL @ GSW,6,1,0,3,1,7,2,0,2,0,4,2,-17
139,21600997,"MAR 13, 2017",ORL @ SAC,17,2,2,3,1,15,6,2,3,0,3,3,2
140,21600977,"MAR 11, 2017",ORL vs. CLE,16,3,0,5,0,12,6,0,1,0,4,4,-8
141,21600965,"MAR 10, 2017",ORL @ CHA,20,0,0,5,2,14,8,0,1,0,5,4,-18
142,21600949,"MAR 08, 2017",ORL vs. CHI,13,0,2,4,2,7,4,0,1,0,6,5,10
143,21600935,"MAR 06, 2017",ORL vs. NYK,17,4,0,5,1,15,8,1,6,1,1,0,8
144,21600930,"MAR 05, 2017",ORL @ WAS,15,3,1,11,2,13,5,1,5,0,5,4,-2
145,21600911,"MAR 03, 2017",ORL vs. MIA,21,1,0,10,2,17,9,1,4,1,2,2,18
146,21600895,"MAR 01, 2017",ORL vs. NYK,10,0,0,5,0,12,4,0,3,0,2,2,-13
147,21600867,"FEB 25, 2017",ORL vs. ATL,18,3,2,3,1,11,7,0,2,0,4,4,27
148,21600850,"FEB 23, 2017",ORL vs. POR,9,2,0,9,0,9,4,0,2,2,2,1,-14
149,21600834,"FEB 15, 2017",ORL vs. SAS,11,2,0,6,2,9,3,0,2,1,5,5,-21
150,21600823,"FEB 13, 2017",ORL @ MIA,8,3,2,6,5,6,3,0,1,1,4,2,8
151,21600780,"FEB 07, 2017",ORL @ HOU,7,4,0,2,1,5,3,1,3,0,0,0,-5
152,21600756,"FEB 04, 2017",ORL @ ATL,16,3,2,3,0,10,5,1,2,0,6,5,-20
153,21600746,"FEB 03, 2017",ORL vs. TOR,1,1,0,3,1,7,0,0,1,1,2,1,7
154,21600730,"FEB 01, 2017",ORL vs. IND,7,1,1,0,1,8,3,0,4,1,3,1,-2
155,21600720,"JAN 30, 2017",ORL @ MIN,12,1,0,6,0,11,4,1,5,0,3,3,4
156,21600715,"JAN 29, 2017",ORL @ TOR,7,1,0,3,0,8,3,1,3,0,0,0,14
157,21600697,"JAN 27, 2017",ORL @ BOS,13,0,1,6,2,13,4,1,3,0,4,4,-23
158,21600677,"JAN 24, 2017",ORL vs. CHI,13,2,0,6,1,12,5,1,3,0,3,2,-2
159,21600661,"JAN 22, 2017",ORL vs. GSW,8,5,1,3,1,14,4,0,6,1,0,0,-38
160,21600643,"JAN 20, 2017",ORL vs. MIL,17,3,2,7,0,16,7,0,4,0,6,3,-2
161,21600631,"JAN 18, 2017",ORL @ NOP,14,4,1,8,1,13,6,1,4,0,3,1,-7
162,21600617,"JAN 16, 2017",ORL @ DEN,4,2,2,4,1,6,2,0,4,0,0,0,-16
163,21600604,"JAN 14, 2017",ORL @ UTA,21,2,1,4,0,14,8,3,6,0,3,2,11
164,21600598,"JAN 13, 2017",ORL @ POR,8,0,0,7,0,5,2,0,0,1,6,4,20
165,21600584,"JAN 11, 2017",ORL @ LAC,28,3,0,3,2,17,11,4,8,0,4,2,-4
166,21600567,"JAN 08, 2017",ORL @ LAL,2,1,0,6,2,5,0,0,4,0,4,2,-9
167,21600545,"JAN 06, 2017",ORL vs. HOU,18,7,1,6,2,14,7,2,6,0,3,2,6
168,21600530,"JAN 04, 2017",ORL vs. ATL,15,2,0,10,2,11,6,2,4,0,1,1,-11
169,21600516,"JAN 02, 2017",ORL @ NYK,22,6,1,6,2,19,8,3,10,0,5,3,8
170,21600510,"JAN 01, 2017",ORL @ IND,13,0,2,6,2,10,4,1,5,1,4,4,-4
171,21600477,"DEC 28, 2016",ORL vs. CHA,2,2,0,4,0,5,1,0,2,0,0,0,-11
172,21600462,"DEC 26, 2016",ORL vs. MEM,30,1,1,2,0,14,11,4,4,1,5,4,9
173,21600443,"DEC 23, 2016",ORL vs. LAL,9,0,1,7,1,10,3,1,2,1,2,2,7
174,21600438,"DEC 22, 2016",ORL @ NYK,6,1,0,2,1,8,3,0,3,0,0,0,-11
175,21600422,"DEC 20, 2016",ORL @ MIA,12,1,0,5,2,8,4,1,3,0,4,3,1
176,21600409,"DEC 18, 2016",ORL vs. TOR,7,0,0,1,1,9,3,1,4,0,0,0,-3
177,21600390,"DEC 16, 2016",ORL vs. BKN,13,2,1,5,0,12,4,1,5,0,5,4,6
178,21600376,"DEC 14, 2016",ORL vs. LAC,33,2,1,7,3,21,13,4,8,0,6,3,-1
179,21600369,"DEC 13, 2016",ORL @ ATL,7,2,0,3,1,6,3,1,3,1,0,0,0
180,21600347,"DEC 10, 2016",ORL vs. DEN,11,3,1,6,0,7,4,1,3,0,2,2,-6
181,21600337,"DEC 09, 2016",ORL @ CHA,9,2,2,3,1,8,4,1,2,0,0,0,-15
182,21600322,"DEC 07, 2016",ORL vs. BOS,5,4,1,3,2,9,2,1,3,0,2,0,-19
183,21600315,"DEC 06, 2016",ORL @ WAS,9,2,1,5,0,9,4,1,1,2,0,0,-2
184,21600300,"DEC 04, 2016",ORL @ DET,10,0,0,3,0,8,4,0,2,0,4,2,-12
185,21600282,"DEC 02, 2016",ORL @ PHI,20,0,0,2,1,14,9,2,4,1,0,0,18
186,21600278,"DEC 01, 2016",ORL @ MEM,8,2,0,3,0,6,3,0,3,1,4,2,12
187,21600264,"NOV 29, 2016",ORL @ SAS,11,0,0,3,0,9,5,1,1,0,0,0,11
188,21600248,"NOV 27, 2016",ORL vs. MIL,0,3,1,8,0,12,0,0,3,0,0,0,4
189,21600226,"NOV 25, 2016",ORL vs. WAS,9,1,0,7,2,10,4,1,4,0,2,0,8
190,21600214,"NOV 23, 2016",ORL vs. PHX,9,0,0,2,2,11,4,1,3,1,0,0,-6
191,21600204,"NOV 21, 2016",ORL @ MIL,5,0,1,4,2,5,1,0,3,0,6,3,-7
192,21600187,"NOV 19, 2016",ORL vs. DAL,5,1,0,4,2,5,2,1,2,0,0,0,8
193,21600159,"NOV 16, 2016",ORL vs. NOP,10,3,1,4,1,11,4,1,2,1,3,1,12
194,21600145,"NOV 14, 2016",ORL @ IND,11,1,0,3,0,11,5,1,4,0,0,0,0
195,21600141,"NOV 13, 2016",ORL @ OKC,12,1,0,1,1,9,5,1,3,0,1,1,-2
196,21600124,"NOV 11, 2016",ORL vs. UTA,9,1,2,7,0,9,4,0,1,2,2,1,0
197,21600109,"NOV 09, 2016",ORL vs. MIN,7,0,0,4,1,9,2,0,3,1,4,3,-11
198,21600096,"NOV 07, 2016",ORL @ CHI,15,4,1,4,1,15,6,1,4,1,2,2,-9
199,21600081,"NOV 05, 2016",ORL vs. WAS,9,4,0,4,0,7,3,2,4,1,2,1,-22
200,21600065,"NOV 03, 2016",ORL vs. SAC,13,3,1,10,1,10,5,1,3,1,3,2,2
201,21600046,"NOV 01, 2016",ORL @ PHI,7,4,3,2,2,10,3,0,4,0,1,1,11
202,21600029,"OCT 29, 2016",ORL @ CLE,8,2,3,3,2,7,3,1,3,1,2,1,-21
203,21600020,"OCT 28, 2016",ORL @ DET,17,0,2,7,1,12,6,1,2,0,6,4,-10
204,21600004,"OCT 26, 2016",ORL vs. MIA,12,4,1,8,3,12,5,2,3,1,0,0,-11
205,21701222,"APR 11, 2018",ORL vs. WAS,11,0,0,3,1,9,4,3,5,1,0,0,3
206,21701208,"APR 09, 2018",ORL @ MIL,12,2,2,4,6,14,5,1,5,0,2,1,-18
207,21701200,"APR 08, 2018",ORL @ TOR,16,3,3,2,1,12,6,2,6,1,5,2,-11
208,21701170,"APR 04, 2018",ORL vs. DAL,20,1,1,4,2,16,8,2,6,1,2,2,14
209,21701159,"APR 03, 2018",ORL @ NYK,7,3,2,4,1,15,3,0,8,0,2,1,7
210,21701147,"APR 01, 2018",ORL @ ATL,10,3,1,7,2,13,4,2,6,1,0,0,1
211,21701129,"MAR 30, 2018",ORL vs. CHI,18,1,1,7,1,21,6,1,8,1,6,5,-3
212,21701117,"MAR 28, 2018",ORL vs. BKN,15,3,0,3,1,13,6,3,6,0,0,0,-17
213,21701090,"MAR 24, 2018",ORL vs. PHX,29,8,3,11,3,18,10,3,6,1,9,6,18
214,21701073,"MAR 22, 2018",ORL vs. PHI,10,2,2,11,2,15,4,1,5,1,1,1,-16
215,21701058,"MAR 20, 2018",ORL vs. TOR,16,3,1,6,0,15,7,2,8,1,0,0,-4
216,21700971,"MAR 07, 2018",ORL @ LAL,28,2,0,14,3,20,11,4,6,1,7,2,18
217,21700955,"MAR 05, 2018",ORL @ UTA,13,1,0,6,1,18,4,1,6,0,4,4,-14
218,21700936,"MAR 03, 2018",ORL vs. MEM,14,2,2,8,3,8,4,0,1,2,7,6,13
219,21700926,"MAR 02, 2018",ORL vs. DET,27,2,2,13,1,19,10,3,8,1,6,4,15
220,21700914,"FEB 28, 2018",ORL vs. TOR,11,3,2,10,0,9,4,1,6,1,5,2,-12
221,21700903,"FEB 26, 2018",ORL @ OKC,18,1,2,7,0,20,7,1,7,3,4,3,9
222,21700884,"FEB 24, 2018",ORL @ PHI,20,7,0,7,1,17,8,4,8,1,0,0,7
223,21700868,"FEB 22, 2018",ORL vs. NYK,9,5,0,5,3,9,3,2,3,1,2,1,0
224,21700725,"JAN 27, 2018",ORL @ IND,22,4,1,11,1,20,9,1,6,1,8,3,-4
225,21700696,"JAN 23, 2018",ORL vs. SAC,16,2,1,12,7,17,6,2,7,0,3,2,-2
226,21700683,"JAN 21, 2018",ORL @ BOS,11,4,0,13,2,17,5,0,3,0,2,1,4
227,21700664,"JAN 18, 2018",ORL @ CLE,17,2,4,10,2,20,7,2,10,0,2,1,2
228,21700649,"JAN 16, 2018",ORL vs. MIN,14,1,0,7,3,17,5,1,7,1,3,3,7
229,21700620,"JAN 12, 2018",ORL @ WAS,14,7,0,10,4,15,4,3,6,0,4,3,-2
230,21700610,"JAN 10, 2018",ORL @ MIL,11,1,0,4,1,18,4,0,5,0,4,3,-23
231,21700601,"JAN 09, 2018",ORL @ DAL,19,2,0,8,1,16,6,1,7,0,8,6,0
232,21700582,"JAN 06, 2018",ORL vs. CLE,30,1,2,8,4,26,13,1,8,0,6,3,2
233,21700554,"JAN 03, 2018",ORL vs. HOU,16,0,0,8,2,23,7,2,6,0,0,0,-14
234,21700545,"JAN 01, 2018",ORL @ BKN,20,0,1,12,2,20,8,2,8,0,3,2,-5
235,21700531,"DEC 30, 2017",ORL vs. MIA,39,1,0,7,0,22,14,5,11,2,7,6,-3
236,21700516,"DEC 28, 2017",ORL vs. DET,14,2,0,7,5,12,6,2,2,1,0,0,5
237,21700420,"DEC 15, 2017",ORL vs. POR,13,2,1,6,3,10,4,2,5,0,6,3,-11
238,21700370,"DEC 08, 2017",ORL vs. DEN,14,2,0,3,1,12,5,1,4,0,5,3,-7
239,21700355,"DEC 06, 2017",ORL vs. ATL,24,2,0,15,2,15,9,0,4,1,9,6,15
240,21700339,"DEC 04, 2017",ORL @ CHA,14,3,1,6,2,15,4,2,7,1,4,4,-9
241,21700334,"DEC 03, 2017",ORL @ NYK,10,4,2,4,1,11,3,1,6,0,3,3,9
242,21700318,"DEC 01, 2017",ORL vs. GSW,29,1,1,7,3,23,12,5,11,2,1,0,-18
243,21700304,"NOV 29, 2017",ORL vs. OKC,40,4,4,15,1,23,13,6,12,1,11,8,17
244,21700290,"NOV 27, 2017",ORL @ IND,16,2,1,6,1,10,5,4,7,4,2,2,-21
245,21700278,"NOV 25, 2017",ORL @ PHI,16,2,1,9,0,10,4,2,4,2,6,6,-9
246,21700269,"NOV 24, 2017",ORL @ BOS,11,1,1,7,0,10,2,0,1,0,8,7,-26
247,21700261,"NOV 22, 2017",ORL @ MIN,26,3,1,9,1,18,11,2,8,0,3,2,3
248,21700243,"NOV 20, 2017",ORL vs. IND,13,1,1,12,3,13,5,2,9,1,2,1,-10
249,21700229,"NOV 18, 2017",ORL vs. UTA,18,1,0,9,1,12,6,0,4,0,8,6,-19
250,21700213,"NOV 15, 2017",ORL @ POR,12,1,2,5,2,10,4,2,6,0,2,2,-9
251,21700199,"NOV 13, 2017",ORL @ GSW,10,1,1,10,3,13,4,2,7,0,0,0,-16
252,21700185,"NOV 11, 2017",ORL @ DEN,13,5,0,3,2,11,5,1,5,1,2,2,-24
253,21700174,"NOV 10, 2017",ORL @ PHX,22,3,1,7,1,9,7,2,2,1,11,6,14
254,21700160,"NOV 08, 2017",ORL vs. NYK,21,1,0,4,0,11,8,4,6,1,2,1,23
255,21700138,"NOV 05, 2017",ORL vs. BOS,18,2,1,12,1,13,6,1,3,1,5,5,2
256,21700120,"NOV 03, 2017",ORL vs. CHI,11,2,1,7,2,10,4,3,5,0,0,0,-13
257,21700112,"NOV 01, 2017",ORL @ MEM,19,2,2,7,1,11,7,2,4,1,4,3,14
258,21700097,"OCT 30, 2017",ORL @ NOP,17,1,2,7,4,13,7,3,5,0,1,0,0
259,21700088,"OCT 29, 2017",ORL @ CHA,17,4,2,9,3,16,7,2,6,2,2,1,-11
260,21700071,"OCT 27, 2017",ORL vs. SAS,16,2,0,6,1,11,7,2,4,1,0,0,20
261,21700050,"OCT 24, 2017",ORL vs. BKN,41,2,0,14,1,18,14,5,5,0,10,8,7
262,21700005,"OCT 18, 2017",ORL vs. MIA,14,3,0,9,1,13,4,1,2,2,6,5,10
263,21801222,"APR 10, 2019",ORL @ CHA,27,3,0,7,2,18,11,1,3,0,4,4,1
264,21801203,"APR 07, 2019",ORL @ BOS,14,2,1,7,2,13,6,0,4,2,2,2,13
265,21801181,"APR 05, 2019",ORL vs. ATL,10,7,1,11,6,6,4,2,3,1,0,0,20
266,21801166,"APR 03, 2019",ORL vs. NYK,19,6,1,7,2,14,7,3,4,1,6,2,11
267,21801156,"APR 01, 2019",ORL @ TOR,6,3,0,4,1,7,3,0,2,3,0,0,-20
268,21801140,"MAR 30, 2019",ORL @ IND,23,7,2,10,1,15,9,4,6,0,1,1,1
269,21801122,"MAR 28, 2019",ORL @ DET,20,4,1,3,3,12,7,1,4,0,5,5,-15
270,21801109,"MAR 26, 2019",ORL @ MIA,14,2,1,10,2,17,6,1,4,0,2,1,-3
271,21801103,"MAR 25, 2019",ORL vs. PHI,12,3,2,8,3,12,5,2,4,0,0,0,18
272,21801080,"MAR 22, 2019",ORL vs. MEM,5,4,0,3,2,8,2,0,3,0,2,1,3
273,21801066,"MAR 20, 2019",ORL vs. NOP,20,6,2,7,0,15,7,4,7,1,2,2,32
274,21801046,"MAR 17, 2019",ORL vs. ATL,22,3,1,8,2,16,9,3,6,0,2,1,13
275,21801021,"MAR 14, 2019",ORL vs. CLE,21,4,1,6,2,16,7,3,6,1,4,4,28
276,21801015,"MAR 13, 2019",ORL @ WAS,13,4,1,9,2,13,4,3,6,1,2,2,-13
277,21800996,"MAR 10, 2019",ORL @ MEM,13,6,0,7,2,17,5,1,6,0,2,2,0
278,21800978,"MAR 08, 2019",ORL vs. DAL,18,3,0,6,3,15,7,1,2,3,5,3,6
279,21800960,"MAR 05, 2019",ORL @ PHI,24,3,0,9,2,18,9,2,7,0,6,4,-4
280,21800948,"MAR 03, 2019",ORL @ CLE,15,3,0,8,2,16,7,1,5,1,0,0,-11
281,21800936,"MAR 02, 2019",ORL @ IND,11,6,0,8,2,15,5,1,3,1,0,0,6
282,21800923,"FEB 28, 2019",ORL vs. GSW,22,3,0,15,3,15,9,2,5,1,2,2,14
283,21800908,"FEB 26, 2019",ORL @ NYK,26,2,1,7,3,16,8,1,3,1,12,9,-8
284,21800894,"FEB 24, 2019",ORL @ TOR,7,6,0,7,2,11,2,0,4,0,4,3,12
285,21800875,"FEB 22, 2019",ORL vs. CHI,17,4,0,5,4,14,7,2,7,3,4,1,-7
286,21800864,"FEB 14, 2019",ORL vs. CHA,10,4,1,11,2,17,4,1,6,0,1,1,20
287,21800851,"FEB 12, 2019",ORL @ NOP,20,4,2,4,2,10,6,2,4,0,6,6,18
288,21800837,"FEB 10, 2019",ORL @ ATL,12,3,0,3,1,9,4,2,5,1,4,2,9
289,21800833,"FEB 09, 2019",ORL @ MIL,14,0,1,6,2,15,6,0,1,0,3,2,6
290,21800812,"FEB 07, 2019",ORL vs. MIN,19,5,0,6,2,13,5,1,4,1,8,8,2
291,21800802,"FEB 05, 2019",ORL @ OKC,18,10,3,6,8,11,6,1,5,1,9,5,-16
292,21800777,"FEB 02, 2019",ORL vs. BKN,15,5,1,2,2,17,6,3,7,1,0,0,8
293,21800765,"JAN 31, 2019",ORL vs. IND,10,1,0,3,0,9,4,0,2,0,4,2,-6
294,21800751,"JAN 29, 2019",ORL vs. OKC,16,7,0,9,1,19,6,2,9,1,2,2,-12
295,21800737,"JAN 27, 2019",ORL @ HOU,23,4,0,10,4,18,9,3,8,0,3,2,4
296,21800720,"JAN 25, 2019",ORL vs. WAS,22,6,0,11,3,16,8,2,8,1,6,4,-3
297,21800708,"JAN 23, 2019",ORL @ BKN,10,2,0,6,2,9,5,0,1,1,0,0,-16
298,21800673,"JAN 18, 2019",ORL vs. BKN,23,5,0,4,1,13,9,3,4,0,2,2,14
299,21800657,"JAN 16, 2019",ORL @ DET,12,2,1,8,2,11,5,0,3,0,2,2,-3
300,21800641,"JAN 13, 2019",ORL vs. HOU,22,5,2,8,3,15,8,2,3,0,4,4,9
301,21800632,"JAN 12, 2019",ORL vs. BOS,28,2,0,12,6,14,7,1,5,1,13,13,11
302,21800614,"JAN 09, 2019",ORL @ UTA,18,3,0,10,1,17,7,2,6,0,3,2,-12
303,21800598,"JAN 07, 2019",ORL @ SAC,10,1,1,9,0,13,3,1,5,0,4,3,-23
304,21800586,"JAN 06, 2019",ORL @ LAC,17,1,1,5,2,17,5,2,7,1,8,5,4
305,21800571,"JAN 04, 2019",ORL @ MIN,10,6,1,3,2,8,4,0,1,1,4,2,-21
306,21800559,"JAN 02, 2019",ORL @ CHI,18,9,0,7,1,14,8,0,3,1,3,2,21
307,21800543,"DEC 31, 2018",ORL @ CHA,14,5,0,8,0,17,6,2,6,0,0,0,-7
308,21800536,"DEC 30, 2018",ORL vs. DET,22,4,0,10,2,15,8,1,4,1,7,5,5
309,21800519,"DEC 28, 2018",ORL vs. TOR,9,4,0,10,4,6,3,1,2,0,2,2,18
310,21800503,"DEC 26, 2018",ORL vs. PHX,11,2,2,9,0,10,5,1,3,1,0,0,8
311,21800491,"DEC 23, 2018",ORL vs. MIA,14,4,1,6,2,7,4,2,4,1,4,4,-9
312,21800474,"DEC 21, 2018",ORL @ CHI,14,4,0,12,0,17,4,0,3,1,10,6,3
313,21800456,"DEC 19, 2018",ORL vs. SAS,12,7,0,9,3,10,4,2,3,0,4,2,-19
314,21800429,"DEC 15, 2018",ORL vs. UTA,8,3,1,2,6,7,3,2,3,0,0,0,-10
315,21800418,"DEC 13, 2018",ORL vs. CHI,8,7,0,5,1,11,2,1,5,0,4,3,1
316,21800397,"DEC 10, 2018",ORL @ DAL,10,2,0,3,2,15,4,2,6,0,0,0,-24
317,21800370,"DEC 07, 2018",ORL vs. IND,20,4,1,14,2,18,8,3,6,1,3,1,-13
318,21800356,"DEC 05, 2018",ORL vs. DEN,19,5,1,6,1,19,8,3,8,1,0,0,-5
319,21800351,"DEC 04, 2018",ORL @ MIA,20,5,1,13,1,16,7,3,3,1,4,3,28
320,21800327,"NOV 30, 2018",ORL @ PHX,18,3,1,6,1,12,8,1,4,0,1,1,11
321,21800300,"NOV 26, 2018",ORL @ GSW,0,1,1,4,2,6,0,0,2,1,0,0,11
322,21800286,"NOV 25, 2018",ORL @ LAL,17,0,1,4,1,14,8,1,3,0,0,0,0
323,21800276,"NOV 23, 2018",ORL @ DEN,14,5,1,9,1,11,5,1,4,1,4,3,-20
324,21800248,"NOV 20, 2018",ORL vs. TOR,16,1,1,9,3,15,5,2,5,3,5,4,2
325,21800236,"NOV 18, 2018",ORL vs. NYK,31,2,1,1,4,17,13,4,8,0,2,1,13
326,21800227,"NOV 17, 2018",ORL vs. LAL,12,3,2,6,1,13,5,1,2,0,2,1,11
327,21800202,"NOV 14, 2018",ORL vs. PHI,17,6,1,6,1,13,7,1,3,2,3,2,0
328,21800190,"NOV 12, 2018",ORL @ WAS,18,3,2,10,2,13,8,0,4,2,2,2,3
329,21800167,"NOV 09, 2018",ORL vs. WAS,20,4,0,7,0,14,6,3,4,0,6,5,-3
330,21800154,"NOV 07, 2018",ORL vs. DET,15,6,2,10,1,15,7,1,4,1,0,0,16
331,21800142,"NOV 05, 2018",ORL vs. CLE,23,3,0,9,1,15,9,3,4,0,2,2,3
332,21800137,"NOV 04, 2018",ORL @ SAS,26,0,1,8,1,20,11,4,10,0,0,0,0
333,21800117,"NOV 02, 2018",ORL vs. LAC,4,0,1,3,1,5,2,0,0,0,0,0,-9
334,21800098,"OCT 30, 2018",ORL vs. SAC,18,3,2,10,2,15,7,2,7,2,4,2,-6
335,21800081,"OCT 27, 2018",ORL @ MIL,9,2,1,5,1,15,3,0,6,0,4,3,-15
336,21800064,"OCT 25, 2018",ORL vs. POR,17,2,0,4,2,11,6,2,5,1,6,3,-6
337,21800040,"OCT 22, 2018",ORL @ BOS,13,3,0,3,2,11,5,2,5,0,2,1,-7
338,21800029,"OCT 20, 2018",ORL @ PHI,20,3,1,12,4,12,7,0,1,3,9,6,12
339,21800017,"OCT 19, 2018",ORL vs. CHA,5,2,2,10,3,9,2,0,4,2,1,1,-5
340,21800006,"OCT 17, 2018",ORL vs. MIA,26,2,0,16,4,18,9,4,5,0,6,4,9
341,21901266,"AUG 05, 2020",ORL vs. TOR,9,5,0,11,2,9,3,0,2,3,6,3,-7
342,21901259,"AUG 04, 2020",ORL @ IND,20,3,1,7,1,15,8,2,5,0,4,2,-12
343,21901247,"AUG 02, 2020",ORL vs. SAC,22,3,0,5,2,12,8,3,3,0,3,3,23
344,21901233,"JUL 31, 2020",ORL @ BKN,10,2,0,11,1,5,2,0,1,0,8,6,24
345,21900964,"MAR 10, 2020",ORL @ MEM,8,9,1,7,2,8,3,0,2,1,2,2,-13
346,21900953,"MAR 08, 2020",ORL @ HOU,19,4,3,10,4,17,7,1,3,2,5,4,21
347,21900935,"MAR 06, 2020",ORL @ MIN,15,4,1,10,1,15,6,0,4,1,6,3,18
348,21900919,"MAR 04, 2020",ORL @ MIA,11,9,2,6,1,10,5,0,3,0,1,1,8
349,21900893,"FEB 29, 2020",ORL @ SAS,7,6,1,6,3,5,2,0,2,0,8,3,-12
350,21900877,"FEB 28, 2020",ORL vs. MIN,17,12,0,11,2,13,6,1,6,2,5,4,0
351,21900867,"FEB 26, 2020",ORL @ ATL,25,6,1,10,1,14,9,3,4,3,4,4,6
352,21900852,"FEB 24, 2020",ORL @ BKN,27,4,1,10,2,16,11,3,4,2,2,2,1
353,21900826,"FEB 21, 2020",ORL vs. DAL,10,7,2,12,2,13,4,0,3,1,4,2,1
354,21900808,"FEB 12, 2020",ORL vs. DET,25,9,1,9,1,15,8,3,4,1,6,6,5
355,21900795,"FEB 10, 2020",ORL vs. ATL,26,4,0,9,2,20,10,2,3,1,4,4,19
356,21900777,"FEB 08, 2020",ORL vs. MIL,7,5,1,9,0,12,2,0,6,0,4,3,-27
357,21900764,"FEB 06, 2020",ORL @ NYK,16,5,1,4,1,14,7,2,6,0,2,0,-5
358,21900756,"FEB 05, 2020",ORL @ BOS,23,4,2,10,5,15,7,1,3,1,10,8,-5
359,21900741,"FEB 03, 2020",ORL @ CHA,16,5,2,12,1,12,6,2,5,0,6,2,13
360,21900729,"FEB 01, 2020",ORL vs. MIA,24,1,2,5,0,20,9,4,7,0,3,2,-6
361,21900694,"JAN 27, 2020",ORL @ MIA,13,0,0,7,0,15,6,1,3,1,0,0,-28
362,21900689,"JAN 26, 2020",ORL vs. LAC,10,5,1,10,1,12,3,1,4,0,7,3,-23
363,21900671,"JAN 24, 2020",ORL vs. BOS,12,2,0,4,3,11,4,0,4,0,6,4,-6
364,21900655,"JAN 22, 2020",ORL vs. OKC,14,3,1,8,0,13,6,2,4,0,2,0,-8
365,21900642,"JAN 20, 2020",ORL @ CHA,6,7,1,6,1,9,3,0,2,0,0,0,14
366,21900634,"JAN 18, 2020",ORL @ GSW,11,3,1,3,3,10,4,1,4,0,4,2,-18
367,21900618,"JAN 16, 2020",ORL @ LAC,20,5,0,0,0,11,8,4,5,0,0,0,-17
368,21900613,"JAN 15, 2020",ORL @ LAL,21,3,2,6,4,12,7,1,3,0,8,6,10
369,21900596,"JAN 13, 2020",ORL @ SAC,19,2,0,9,0,16,8,1,3,1,4,2,0
370,21900557,"JAN 08, 2020",ORL vs. WAS,10,2,1,7,0,9,4,0,2,0,2,2,20
371,21900540,"JAN 06, 2020",ORL vs. BKN,11,1,2,14,6,10,5,0,4,0,3,1,10
372,21900525,"JAN 04, 2020",ORL vs. UTA,11,2,2,12,3,11,4,1,4,0,2,2,-5
373,21900518,"JAN 03, 2020",ORL vs. MIA,16,3,0,8,1,14,7,1,6,0,2,1,9
374,21900480,"DEC 28, 2019",ORL @ MIL,5,0,0,2,1,9,2,1,4,2,0,0,-6
375,21900468,"DEC 27, 2019",ORL vs. PHI,19,3,0,11,4,16,7,1,4,1,4,4,-2
376,21900448,"DEC 23, 2019",ORL vs. CHI,16,4,1,11,2,14,6,1,3,3,6,3,-3
377,21900428,"DEC 20, 2019",ORL @ POR,11,4,0,11,0,17,4,0,2,1,4,3,-9
378,21900414,"DEC 18, 2019",ORL @ DEN,9,3,1,7,2,14,4,1,5,1,1,0,-11
379,21900405,"DEC 17, 2019",ORL @ UTA,6,2,0,5,1,9,3,0,2,0,0,0,-13
380,21900388,"DEC 15, 2019",ORL @ NOP,9,2,1,4,2,13,3,1,5,0,4,2,11
381,21900371,"DEC 13, 2019",ORL vs. HOU,21,4,0,6,1,15,9,2,5,0,1,1,-18
382,21900358,"DEC 11, 2019",ORL vs. LAL,14,4,1,14,3,11,5,1,3,1,4,3,-13
383,21900347,"DEC 09, 2019",ORL @ MIL,10,2,1,13,3,12,3,1,6,1,4,3,-12
384,21900321,"DEC 06, 2019",ORL @ CLE,14,2,1,5,2,13,6,0,2,1,2,2,0
385,21900308,"DEC 04, 2019",ORL vs. PHX,32,5,1,5,1,15,13,5,5,0,2,1,12
386,21900300,"DEC 03, 2019",ORL @ WAS,18,2,0,11,0,15,7,2,5,0,4,2,-4
387,21900290,"DEC 01, 2019",ORL vs. GSW,8,4,0,7,3,11,2,1,5,0,4,3,-6
388,21900269,"NOV 29, 2019",ORL vs. TOR,8,2,2,8,0,11,2,1,4,1,4,3,0
389,21900207,"NOV 20, 2019",ORL @ TOR,2,0,0,2,0,3,1,0,1,0,0,0,-6
390,21900185,"NOV 17, 2019",ORL vs. WAS,13,2,0,9,0,16,5,1,5,0,2,2,4
391,21900168,"NOV 15, 2019",ORL vs. SAS,14,4,0,8,2,15,4,1,6,1,8,5,5
392,21900155,"NOV 13, 2019",ORL vs. PHI,18,7,1,13,2,12,4,3,5,1,9,7,11
393,21900133,"NOV 10, 2019",ORL vs. IND,13,3,0,2,1,10,5,2,5,1,1,1,-8
394,21900117,"NOV 08, 2019",ORL vs. MEM,17,2,1,4,2,11,7,0,2,0,3,3,26
395,21900109,"NOV 06, 2019",ORL @ DAL,23,1,2,4,4,17,10,1,5,0,2,2,-6
396,21900101,"NOV 05, 2019",ORL @ OKC,15,3,0,7,2,13,6,0,3,0,4,3,-6
397,21900079,"NOV 02, 2019",ORL vs. DEN,21,3,0,9,0,15,9,1,4,0,5,2,-14
398,21900071,"NOV 01, 2019",ORL vs. MIL,11,3,0,4,1,10,3,2,5,0,5,3,-3
399,21900056,"OCT 30, 2019",ORL vs. NYK,15,1,1,11,0,13,6,3,6,1,0,0,17
400,21900044,"OCT 28, 2019",ORL @ TOR,2,5,0,5,3,6,1,0,2,2,0,0,-17
401,21900028,"OCT 26, 2019",ORL @ ATL,10,3,2,7,1,10,4,0,2,0,2,2,-11
402,21900005,"OCT 23, 2019",ORL vs. CLE,9,3,2,2,1,8,2,1,2,1,6,4,1
403,22001076,"MAY 16, 2021",DEN @ POR,2,0,0,2,0,4,1,0,2,0,0,0,-11
404,22001052,"MAY 13, 2021",DEN @ MIN,15,4,1,3,1,10,6,1,2,0,2,2,8
405,22000448,"MAY 11, 2021",DEN @ CHA,17,3,2,6,0,14,8,1,2,0,0,0,11
406,22001008,"MAY 07, 2021",DEN @ UTA,10,1,1,6,1,9,5,0,3,0,1,0,1
407,22000995,"MAY 05, 2021",DEN vs. NYK,0,1,0,5,2,6,0,0,2,0,0,0,8
408,22000982,"MAY 03, 2021",DEN @ LAL,5,1,0,6,2,7,2,0,1,4,2,1,8
409,22000966,"MAY 01, 2021",DEN @ LAC,7,2,0,1,0,5,2,0,2,0,4,3,-11
410,22000948,"APR 29, 2021",DEN vs. TOR,9,4,0,7,2,9,4,0,2,1,2,1,0
411,22000940,"APR 28, 2021",DEN vs. NOP,10,1,0,5,2,7,4,0,1,0,2,2,-14
412,22000925,"APR 26, 2021",DEN vs. MEM,15,2,1,5,0,10,6,2,3,0,3,1,9
413,22000910,"APR 24, 2021",DEN vs. HOU,7,1,1,2,2,7,3,1,4,0,0,0,16
414,22000903,"APR 23, 2021",DEN @ GSW,17,2,0,6,2,11,6,2,5,1,4,3,-7
415,22000890,"APR 21, 2021",DEN @ POR,12,3,2,6,2,11,4,2,4,0,2,2,2
416,22000874,"APR 19, 2021",DEN vs. MEM,2,3,0,8,2,7,1,0,3,1,0,0,-6
417,22000851,"APR 16, 2021",DEN @ HOU,8,2,1,2,1,6,3,0,2,0,2,2,12
418,22000838,"APR 14, 2021",DEN vs. MIA,16,3,0,9,1,11,7,1,3,0,2,1,10
419,22000821,"APR 12, 2021",DEN @ GSW,9,3,1,6,1,5,3,1,2,0,2,2,-15
420,22000806,"APR 11, 2021",DEN vs. BOS,7,2,0,7,0,5,2,1,3,1,2,2,10
421,22000797,"APR 09, 2021",DEN vs. SAS,11,2,0,1,1,11,5,1,4,1,0,0,-7
422,22000782,"APR 07, 2021",DEN vs. SAS,9,3,2,2,2,8,4,0,2,1,1,1,2
423,22000321,"APR 06, 2021",DEN vs. DET,9,3,0,4,1,4,2,1,3,0,4,4,9
424,22000761,"APR 04, 2021",DEN vs. ORL,24,2,0,7,1,13,10,1,1,2,5,3,12
425,22000736,"APR 01, 2021",DEN @ LAC,14,6,3,6,1,13,6,1,4,2,4,1,12
426,22000719,"MAR 30, 2021",DEN vs. PHI,6,1,1,4,3,4,3,0,0,0,0,0,19
427,22000705,"MAR 28, 2021",DEN vs. ATL,13,1,1,2,0,9,6,1,4,0,0,0,17
428,22000670,"MAR 24, 2021",ORL vs. PHX,13,3,0,7,2,15,5,0,5,2,4,3,-2
429,22000661,"MAR 23, 2021",ORL vs. DEN,13,6,1,3,3,13,6,1,5,1,0,0,-2
430,22000167,"MAR 21, 2021",ORL @ BOS,12,5,0,6,2,13,3,2,7,0,6,4,-9
431,22000633,"MAR 19, 2021",ORL vs. BKN,38,4,1,6,7,20,14,7,8,0,6,3,5
432,22000627,"MAR 18, 2021",ORL @ NYK,17,7,0,5,0,11,6,1,2,0,6,4,8
433,22000571,"MAR 11, 2021",ORL @ MIA,9,0,0,2,0,8,3,0,1,1,3,3,5
434,22000309,"JAN 31, 2021",ORL @ TOR,14,3,1,5,1,8,4,2,5,0,6,4,-8
435,22000289,"JAN 29, 2021",ORL vs. LAC,9,2,1,7,6,13,4,1,1,0,0,0,-27
436,22000273,"JAN 27, 2021",ORL vs. SAC,3,5,0,5,4,9,1,1,3,0,0,0,-23
437,22000259,"JAN 25, 2021",ORL vs. CHA,12,7,0,11,3,9,3,2,4,1,10,4,14
438,22000231,"JAN 22, 2021",ORL @ IND,17,9,0,9,6,10,6,4,7,2,2,1,6
439,22000221,"JAN 20, 2021",ORL @ MIN,13,7,1,9,4,9,3,1,4,4,8,6,9
440,22000203,"JAN 18, 2021",ORL @ NYK,18,10,0,17,4,18,6,2,7,2,4,4,15
441,22000190,"JAN 16, 2021",ORL @ BKN,11,6,2,6,3,11,4,0,6,0,4,3,-5
442,22000180,"JAN 15, 2021",ORL @ BOS,17,3,0,2,2,12,5,3,5,0,8,4,-12
443,22000151,"JAN 11, 2021",ORL vs. MIL,21,8,1,5,4,14,8,3,4,2,3,2,-17
444,22000139,"JAN 09, 2021",ORL @ DAL,16,5,1,4,2,16,6,1,7,1,6,3,-3
445,22000108,"JAN 06, 2021",ORL vs. CLE,15,3,1,8,5,7,5,2,2,1,7,3,8
446,22000093,"JAN 04, 2021",ORL vs. CLE,24,1,1,11,2,17,9,6,9,0,0,0,6
447,22000081,"JAN 02, 2021",ORL vs. OKC,15,5,0,8,0,15,6,1,6,0,3,2,-2
448,22000064,"DEC 31, 2020",ORL vs. PHI,6,1,0,3,2,8,1,0,4,2,5,4,-23
449,22000052,"DEC 29, 2020",ORL @ OKC,12,2,1,5,3,10,5,0,3,1,2,2,1
450,22000033,"DEC 27, 2020",ORL @ WAS,4,0,0,6,0,4,1,0,1,0,2,2,-12
451,22000024,"DEC 26, 2020",ORL @ WAS,15,3,0,9,0,12,6,1,2,0,4,2,16
452,22000012,"DEC 23, 2020",ORL vs. MIA,20,0,4,7,2,11,8,1,4,0,6,3,17
453,22101201,"APR 07, 2022",DEN vs. MEM,22,2,0,5,5,11,7,3,5,0,5,5,17
454,22101186,"APR 05, 2022",DEN vs. SAS,18,2,1,13,2,16,8,0,3,2,4,2,-14
455,22101168,"APR 03, 2022",DEN @ LAL,24,3,0,8,0,14,9,3,5,1,4,3,14
456,22101159,"APR 01, 2022",DEN vs. MIN,24,3,0,5,2,11,9,4,6,0,2,2,9
457,22101137,"MAR 30, 2022",DEN @ IND,10,4,0,8,2,7,4,2,4,1,0,0,11
458,22101122,"MAR 28, 2022",DEN @ CHA,21,3,2,7,0,16,9,1,3,1,4,2,20
459,22101113,"MAR 26, 2022",DEN vs. OKC,20,1,0,9,1,17,8,2,3,1,2,2,24
460,22101099,"MAR 24, 2022",DEN vs. PHX,21,0,0,6,2,16,10,0,1,0,1,1,-11
461,22101083,"MAR 22, 2022",DEN vs. LAC,16,6,0,7,0,13,5,1,3,1,5,5,20
462,22101068,"MAR 20, 2022",DEN vs. BOS,13,0,0,4,2,5,3,1,1,0,7,6,-18
463,22101049,"MAR 18, 2022",DEN @ CLE,20,5,0,8,7,15,9,0,4,1,5,2,-16
464,22101035,"MAR 16, 2022",DEN @ WAS,14,0,0,2,0,13,6,1,2,1,1,1,13
465,22101022,"MAR 14, 2022",DEN @ PHI,7,2,0,3,1,6,3,1,3,1,0,0,-13
466,22100994,"MAR 10, 2022",DEN vs. GSW,10,1,0,11,1,11,2,1,3,1,6,5,-12
467,22100991,"MAR 09, 2022",DEN @ SAC,11,3,0,5,3,10,4,0,5,1,3,3,3
468,22100528,"MAR 07, 2022",DEN vs. GSW,8,5,0,0,1,4,2,0,1,1,5,4,12
469,22100967,"MAR 06, 2022",DEN vs. NOP,28,2,1,8,3,17,9,0,5,2,15,10,10
470,22100952,"MAR 04, 2022",DEN vs. HOU,12,3,0,3,0,9,5,0,1,0,4,2,8
471,22100938,"MAR 02, 2022",DEN vs. OKC,9,0,1,3,2,12,4,1,7,0,0,0,-27
472,22100918,"FEB 27, 2022",DEN @ POR,14,1,0,2,1,12,6,1,3,0,2,1,7
473,22100911,"FEB 26, 2022",DEN vs. SAC,23,0,0,9,1,12,8,3,5,0,4,4,-5
474,22100895,"FEB 24, 2022",DEN @ SAC,12,3,3,6,3,10,6,0,1,0,0,0,18
475,22100883,"FEB 16, 2022",DEN @ GSW,10,5,0,10,1,14,5,0,3,1,0,0,2
476,22100864,"FEB 14, 2022",DEN vs. ORL,10,3,1,6,5,6,4,2,3,0,0,0,10
477,22100850,"FEB 12, 2022",DEN @ TOR,13,2,0,6,1,9,4,2,3,0,3,3,3
478,22100842,"FEB 11, 2022",DEN @ BOS,17,2,3,6,2,15,8,0,5,0,2,1,-6
479,22100821,"FEB 08, 2022",DEN vs. NYK,19,4,0,8,1,12,8,3,5,1,0,0,1
480,22100804,"FEB 06, 2022",DEN vs. BKN,17,7,1,9,1,14,6,2,4,0,4,3,29
481,22100770,"FEB 01, 2022",DEN @ MIN,7,2,0,6,1,9,3,0,4,0,3,1,-5
482,22100756,"JAN 30, 2022",DEN @ MIL,24,0,1,7,0,17,10,4,8,1,0,0,24
483,22100729,"JAN 28, 2022",DEN @ NOP,20,2,1,4,4,18,8,2,8,0,2,2,10
484,22100453,"JAN 26, 2022",DEN @ BKN,10,1,0,5,2,11,4,0,5,1,2,2,-2
485,22100714,"JAN 25, 2022",DEN @ DET,16,5,1,5,3,11,6,1,3,1,4,3,13
486,22100707,"JAN 23, 2022",DEN vs. DET,13,3,1,4,4,8,5,1,3,0,4,2,6
487,22100692,"JAN 21, 2022",DEN vs. MEM,16,9,2,6,3,11,4,2,4,1,6,6,10
488,22100678,"JAN 19, 2022",DEN vs. LAC,28,3,2,4,2,16,10,4,7,0,6,4,21
489,22100653,"JAN 16, 2022",DEN vs. UTA,20,6,1,7,1,15,8,2,5,0,2,2,8
490,22100649,"JAN 15, 2022",DEN vs. LAL,11,4,0,3,0,9,4,3,5,0,0,0,9
491,22100631,"JAN 13, 2022",DEN vs. POR,5,4,0,8,3,5,2,0,2,1,2,1,12
492,22100616,"JAN 11, 2022",DEN @ LAC,30,1,0,12,4,16,11,1,4,0,7,7,6
493,22100601,"JAN 09, 2022",DEN @ OKC,4,2,0,6,2,9,2,0,4,0,0,0,11
494,22100588,"JAN 07, 2022",DEN vs. SAC,10,3,1,3,1,7,4,0,1,0,2,2,1
495,22100575,"JAN 05, 2022",DEN vs. UTA,17,0,0,3,1,11,8,1,4,0,0,0,1
496,22100558,"JAN 03, 2022",DEN @ DAL,15,2,2,7,3,9,7,1,3,0,4,0,-14
497,22100543,"JAN 01, 2022",DEN @ HOU,16,1,1,7,1,15,7,0,3,1,4,2,2
498,22100474,"DEC 22, 2021",DEN @ OKC,12,2,1,4,1,11,5,1,4,0,3,1,-16
499,22100434,"DEC 17, 2021",DEN @ ATL,16,3,0,3,4,8,5,2,4,1,4,4,6
500,22100424,"DEC 15, 2021",DEN vs. MIN,8,1,0,4,2,6,2,1,3,0,4,3,-28
501,22100411,"DEC 13, 2021",DEN vs. WAS,16,3,0,5,2,14,6,1,4,0,4,3,7
502,22100397,"DEC 11, 2021",DEN @ SAS,16,4,1,4,1,13,7,1,3,1,1,1,28
503,22100381,"DEC 09, 2021",DEN @ SAS,25,3,0,6,1,12,9,0,0,1,8,7,-4
504,22100375,"DEC 08, 2021",DEN @ NOP,10,1,2,2,0,7,3,1,4,1,4,3,6
505,22100357,"DEC 06, 2021",DEN @ CHI,18,1,0,6,3,16,7,2,6,0,4,2,2
506,22100342,"DEC 04, 2021",DEN @ NYK,5,1,3,2,2,4,2,1,1,1,0,0,-1
507,22100320,"DEC 01, 2021",DEN @ ORL,17,3,0,8,1,12,7,1,5,0,4,2,0
508,22100306,"NOV 29, 2021",DEN @ MIA,20,5,0,4,2,11,6,2,4,0,8,6,18
509,22100288,"NOV 26, 2021",DEN vs. MIL,18,3,2,9,0,10,6,1,2,0,5,5,-15
510,22100265,"NOV 23, 2021",DEN @ POR,11,3,0,3,1,9,5,0,1,0,1,1,-12
511,22100251,"NOV 21, 2021",DEN @ PHX,16,4,2,10,4,14,7,1,1,0,3,1,-15
512,22100236,"NOV 19, 2021",DEN vs. CHI,28,4,0,9,0,12,10,1,2,2,9,7,-7
513,22100228,"NOV 18, 2021",DEN vs. PHI,9,1,0,4,1,13,4,1,4,1,0,0,-2
514,22100204,"NOV 15, 2021",DEN @ DAL,14,1,0,7,1,12,6,2,5,0,0,0,3
515,22100197,"NOV 14, 2021",DEN vs. POR,11,1,0,3,0,12,5,0,1,0,1,1,13
516,22100182,"NOV 12, 2021",DEN vs. ATL,23,4,2,4,1,11,7,3,5,3,6,6,18
517,22100167,"NOV 10, 2021",DEN vs. IND,8,2,1,9,0,10,2,0,0,0,5,4,2
518,22100151,"NOV 08, 2021",DEN vs. MIA,10,3,0,7,3,11,4,0,5,1,2,2,14
519,22100133,"NOV 06, 2021",DEN vs. HOU,9,2,0,3,1,7,3,3,6,2,0,0,6
520,22100114,"NOV 03, 2021",DEN @ MEM,9,1,0,1,1,5,4,1,1,2,0,0,5
521,22100100,"NOV 01, 2021",DEN @ MEM,15,1,0,10,1,12,6,2,5,0,3,1,5
522,22100087,"OCT 30, 2021",DEN @ MIN,12,2,2,4,0,10,4,0,2,2,4,4,26
523,22100075,"OCT 29, 2021",DEN vs. DAL,13,2,1,5,2,9,6,1,2,1,1,0,24
524,22100054,"OCT 26, 2021",DEN @ UTA,20,1,1,7,4,13,9,0,3,1,4,2,-1
525,22100048,"OCT 25, 2021",DEN vs. CLE,12,1,0,9,3,14,5,1,5,0,2,1,-7
526,22100024,"OCT 22, 2021",DEN vs. SAS,8,1,0,5,3,6,3,0,1,0,2,2,5
527,22100012,"OCT 20, 2021",DEN @ PHX,12,4,0,8,3,6,5,1,1,1,2,1,22
528,22201213,"APR 08, 2023",DEN @ UTA,15,2,0,4,0,10,6,1,2,0,3,2,1
529,22201183,"APR 04, 2023",DEN @ HOU,13,4,0,9,1,11,6,0,1,4,4,1,-18
530,22201175,"APR 02, 2023",DEN vs. GSW,13,7,2,10,2,18,6,0,3,0,2,1,9
531,22201160,"MAR 31, 2023",DEN @ PHX,26,6,2,8,2,23,10,2,4,1,10,4,-3
532,22201147,"MAR 30, 2023",DEN vs. NOP,11,4,0,6,1,8,4,0,0,0,6,3,-22
533,22201126,"MAR 27, 2023",DEN vs. PHI,12,2,2,4,1,14,6,0,3,1,0,0,20
534,22201109,"MAR 25, 2023",DEN vs. MIL,9,1,1,7,1,9,4,1,5,1,0,0,12
535,22201083,"MAR 22, 2023",DEN @ WAS,12,1,1,1,1,6,4,2,3,0,2,2,28
536,22201063,"MAR 19, 2023",DEN @ BKN,10,2,0,4,1,9,4,0,3,1,3,2,9
537,22201055,"MAR 18, 2023",DEN @ NYK,14,7,1,5,1,12,6,0,2,0,3,2,2
538,22201042,"MAR 16, 2023",DEN @ DET,15,1,0,8,1,9,6,0,1,0,6,3,8
539,22201029,"MAR 14, 2023",DEN @ TOR,18,3,2,1,0,13,8,0,1,1,6,2,-10
540,22201014,"MAR 12, 2023",DEN vs. BKN,13,2,0,4,2,9,5,1,2,0,3,2,13
541,22201002,"MAR 10, 2023",DEN @ SAS,14,3,1,6,3,8,5,2,5,1,2,2,0
542,22200989,"MAR 08, 2023",DEN vs. CHI,17,2,0,9,0,14,6,1,3,1,9,4,-4
543,22200975,"MAR 06, 2023",DEN vs. TOR,19,5,2,6,0,12,7,0,2,1,6,5,13
544,22200952,"MAR 03, 2023",DEN vs. MEM,13,0,0,5,0,10,5,0,2,0,3,3,9
545,22200926,"FEB 28, 2023",DEN @ HOU,11,5,0,7,0,7,5,0,0,0,2,1,19
546,22200918,"FEB 26, 2023",DEN vs. LAC,6,6,0,6,2,9,3,0,5,0,0,0,5
547,22200831,"FEB 09, 2023",DEN @ ORL,37,3,1,13,2,21,15,3,6,1,7,4,5
548,22200820,"FEB 07, 2023",DEN vs. MIN,24,8,4,3,3,11,8,2,3,2,8,6,32
549,22200801,"FEB 04, 2023",DEN vs. ATL,15,4,0,6,0,10,7,0,1,1,1,1,19
550,22200768,"JAN 31, 2023",DEN vs. NOP,15,6,0,6,0,12,6,1,3,0,5,2,22
551,22200741,"JAN 28, 2023",DEN @ PHI,18,3,0,5,0,10,8,0,1,0,4,2,5
552,22200723,"JAN 25, 2023",DEN @ MIL,26,4,0,14,1,24,10,3,5,2,4,3,5
553,22200716,"JAN 24, 2023",DEN @ NOP,11,3,0,4,3,7,4,1,1,1,4,2,0
554,22200702,"JAN 22, 2023",DEN vs. OKC,15,1,2,10,2,15,4,1,3,1,13,6,-2
555,22200688,"JAN 20, 2023",DEN vs. IND,28,6,0,5,3,15,11,1,2,0,9,5,26
556,22200676,"JAN 18, 2023",DEN vs. MIN,12,1,0,3,2,9,5,1,4,1,2,1,10
557,22200667,"JAN 17, 2023",DEN vs. POR,11,8,1,7,2,8,3,0,1,1,5,5,20
558,22200653,"JAN 15, 2023",DEN vs. ORL,25,5,0,8,1,13,9,2,3,0,11,5,11
559,22200639,"JAN 13, 2023",DEN @ LAC,17,5,0,5,3,8,6,2,3,0,5,3,16
560,22200624,"JAN 11, 2023",DEN vs. PHX,12,2,1,0,0,4,4,0,0,1,6,4,18
561,22200609,"JAN 09, 2023",DEN vs. LAL,9,0,0,10,4,8,4,1,5,4,1,0,6
562,22200588,"JAN 06, 2023",DEN vs. CLE,12,1,0,10,0,8,4,1,2,0,6,3,16
563,22200579,"JAN 05, 2023",DEN vs. LAC,13,3,0,7,1,7,5,0,0,0,4,3,22
564,22200557,"JAN 02, 2023",DEN @ MIN,12,6,1,16,1,18,4,0,3,0,6,4,-10
565,22200549,"JAN 01, 2023",DEN vs. BOS,18,7,2,6,2,13,6,1,2,1,6,5,23
566,22200535,"DEC 30, 2022",DEN vs. MIA,11,3,2,5,3,8,4,0,1,0,5,3,0
567,22200497,"DEC 25, 2022",DEN vs. PHX,28,2,1,13,3,18,11,1,2,1,9,5,18
568,22200489,"DEC 23, 2022",DEN vs. POR,13,1,0,6,1,9,6,0,1,1,3,1,10
569,22200465,"DEC 20, 2022",DEN vs. MEM,24,4,2,7,1,16,9,1,2,1,7,5,22
570,22200450,"DEC 18, 2022",DEN vs. CHA,19,1,3,10,2,9,6,2,2,1,7,5,15
571,22200437,"DEC 16, 2022",DEN @ LAL,17,1,2,3,4,13,7,1,4,1,4,2,-10
572,22200422,"DEC 14, 2022",DEN vs. WAS,22,3,1,7,2,14,8,0,1,1,7,6,21
573,22200393,"DEC 10, 2022",DEN vs. UTA,15,1,2,1,0,13,7,0,4,0,2,1,6
574,22200376,"DEC 08, 2022",DEN @ POR,20,0,1,5,3,12,8,2,3,0,2,2,-13
575,22200362,"DEC 06, 2022",DEN vs. DAL,27,2,1,8,2,13,10,2,2,0,7,5,-6
576,22200344,"DEC 04, 2022",DEN @ NOP,19,0,0,8,1,10,7,1,3,0,4,4,-8
577,22200327,"DEC 02, 2022",DEN @ ATL,14,3,2,5,3,12,7,0,2,0,0,0,-1
578,22200320,"NOV 30, 2022",DEN vs. HOU,20,2,0,6,1,12,7,2,4,1,7,4,12
579,22200305,"NOV 28, 2022",DEN vs. HOU,4,0,1,3,2,3,2,0,1,0,0,0,7
580,22200285,"NOV 25, 2022",DEN @ LAC,29,3,2,7,1,16,12,2,4,2,4,3,13
581,22200268,"NOV 23, 2022",DEN @ OKC,31,4,0,8,1,16,10,4,5,2,11,7,5
582,22200258,"NOV 22, 2022",DEN vs. DET,17,1,1,7,3,10,7,1,2,1,5,2,21
583,22200196,"NOV 13, 2022",DEN @ CHI,13,2,0,5,1,6,4,1,1,0,6,4,24
584,22200176,"NOV 11, 2022",DEN @ BOS,17,2,0,7,0,10,6,1,2,0,6,4,-4
585,22200160,"NOV 09, 2022",DEN @ IND,18,6,1,16,5,8,5,1,3,1,9,7,4
586,22200154,"NOV 07, 2022",DEN @ SAS,9,5,4,5,0,5,3,0,1,1,5,3,10
587,22200138,"NOV 05, 2022",DEN vs. SAS,8,2,0,6,0,6,4,0,1,0,2,0,15
588,22200119,"NOV 03, 2022",DEN @ OKC,27,3,1,5,0,13,10,3,4,0,5,4,-1
589,22200095,"OCT 30, 2022",DEN @ LAL,18,0,0,6,1,11,7,3,4,2,2,1,17
590,22200078,"OCT 28, 2022",DEN vs. UTA,3,0,0,1,2,4,1,1,3,2,2,0,0
591,22200064,"OCT 26, 2022",DEN vs. LAL,6,5,0,9,0,8,2,0,3,2,4,2,19
592,22200051,"OCT 24, 2022",DEN @ POR,26,1,0,6,1,16,12,0,2,0,2,2,-16
593,22200035,"OCT 22, 2022",DEN vs. OKC,11,2,0,10,2,9,3,1,3,2,8,4,19
594,22200026,"OCT 21, 2022",DEN @ GSW,10,3,0,3,3,12,5,0,6,0,0,0,-10
595,22200012,"OCT 19, 2022",DEN @ UTA,22,2,1,10,1,17,10,0,2,1,2,2,-7
